<?xml version="1.0" encoding="UTF-8"?>
<project-private xmlns="http://www.netbeans.org/ns/project-private/1">
    <editor-bookmarks xmlns="http://www.netbeans.org/ns/editor-bookmarks/2" lastBookmarkId="0"/>
    <open-files xmlns="http://www.netbeans.org/ns/projectui-open-files/2">
        <group>
            <file>file:/D:/Railway93/src/railway/Dest.java</file>
            <file>file:/D:/Railway93/src/railway/Login.java</file>
            <file>file:/D:/Railway93/src/railway/Book.java</file>
            <file>file:/D:/Railway93/src/railway/Confirm.java</file>
            <file>file:/D:/Railway93/src/railway/addtrain.java</file>
        </group>
    </open-files>
</project-private>
